split,total,augmented,original,augmented_pct,original_pct
inspect_train,715,257,458,35.94405594405594,64.05594405594405
inspect_val,102,39,63,38.23529411764706,61.76470588235294
inspect_test,205,72,133,35.12195121951219,64.8780487804878
